target,browser,player,codec,platform,user,data_points,mean,stdev,fold_1,fold_2,fold_3,fold_4,fold_5,fold_6,fold_7,fold_8,fold_9,fold_10
codec,FIREFOX,MPLAYER,*,Windows10,*,400,36.0,5.385164807134504,40.0,32.5,41.25,41.25,36.25,23.75,40.0,32.5,32.5,40.0
codec,FIREFOX,MPV,*,Windows10,*,400,32.375,4.125,33.75,35.0,35.0,36.25,33.75,37.5,23.75,32.5,27.500000000000004,28.749999999999996
codec,FIREFOX,VLC,*,Windows10,*,400,50.375,3.7102055199139583,50.0,48.75,43.75,50.0,51.24999999999999,51.24999999999999,56.25,55.00000000000001,52.5,45.0
codec,CHROME,MPLAYER,*,Windows10,*,400,59.75,5.471517157059822,58.75,51.24999999999999,55.00000000000001,65.0,57.49999999999999,60.0,63.74999999999999,71.25,60.0,55.00000000000001
codec,CHROME,MPV,*,Windows10,*,400,63.75,3.535533905932736,58.75,61.25000000000001,70.0,63.74999999999999,61.25000000000001,67.5,62.5,61.25000000000001,62.5,68.75
codec,CHROME,VLC,*,Windows10,*,400,57.875,4.810470351223465,60.0,62.5,61.25000000000001,52.5,63.74999999999999,50.0,51.24999999999999,58.75,56.25,62.5
codec,EDGE,MPLAYER,*,Windows10,*,400,35.375,4.745063224025578,28.749999999999996,32.5,32.5,37.5,33.75,41.25,30.0,33.75,40.0,43.75
codec,EDGE,MPV,*,Windows10,*,400,38.375,6.175809663517812,40.0,27.500000000000004,36.25,46.25,38.75,46.25,45.0,31.25,40.0,32.5
codec,EDGE,VLC,*,Windows10,*,400,54.5,3.1224989991991987,57.49999999999999,55.00000000000001,56.25,55.00000000000001,50.0,55.00000000000001,53.75,53.75,60.0,48.75
codec,CHROME,MPLAYER,*,Linux,*,400,51.75,5.482928049865328,61.25000000000001,57.49999999999999,45.0,51.24999999999999,46.25,56.25,46.25,51.24999999999999,56.25,46.25
codec,CHROME,MPV,*,Linux,*,400,49.375,4.410569691094338,50.0,48.75,47.5,50.0,58.75,48.75,45.0,42.5,55.00000000000001,47.5
codec,CHROME,VLC,*,Linux,*,400,66.375,4.887803699004288,56.25,60.0,71.25,70.0,66.25,68.75,70.0,67.5,62.5,71.25
codec,EDGE,MPLAYER,*,Linux,*,400,45.875,3.261997087674971,50.0,41.25,42.5,46.25,50.0,51.24999999999999,45.0,43.75,43.75,45.0
codec,EDGE,MPV,*,Linux,*,400,49.5,3.9210967853395324,42.5,48.75,55.00000000000001,47.5,53.75,51.24999999999999,47.5,46.25,47.5,55.00000000000001
codec,EDGE,VLC,*,Linux,*,400,73.625,2.5279685520195856,71.25,78.75,72.5,71.25,72.5,75.0,70.0,73.75,76.25,75.0
codec,FIREFOX,MPLAYER,*,Linux,*,400,31.75,4.815340071064555,32.5,32.5,23.75,31.25,38.75,40.0,32.5,32.5,26.25,27.500000000000004
codec,FIREFOX,MPV,*,Linux,*,400,31.125,4.382137035739526,26.25,37.5,37.5,27.500000000000004,30.0,32.5,30.0,28.749999999999996,25.0,36.25
codec,FIREFOX,VLC,*,Linux,*,400,50.625,3.7604022391228296,47.5,48.75,46.25,53.75,47.5,47.5,57.49999999999999,51.24999999999999,50.0,56.25
codec,CHROME,MPLAYER,*,macOS,*,400,57.875,3.16474722529304,57.49999999999999,63.74999999999999,60.0,57.49999999999999,57.49999999999999,56.25,56.25,53.75,53.75,62.5
codec,CHROME,MPV,*,macOS,*,400,48.375,7.847173057859754,57.49999999999999,50.0,55.00000000000001,56.25,31.25,45.0,52.5,41.25,52.5,42.5
codec,CHROME,VLC,*,macOS,*,400,69.375,4.515597967047111,76.25,72.5,62.5,70.0,63.74999999999999,65.0,66.25,71.25,71.25,75.0
codec,FIREFOX,MPLAYER,*,macOS,*,400,37.25,3.391164991562634,36.25,35.0,35.0,38.75,40.0,32.5,36.25,43.75,33.75,41.25
codec,FIREFOX,MPV,*,macOS,*,400,26.25,6.937218462755804,36.25,23.75,10.0,25.0,31.25,26.25,31.25,20.0,30.0,28.749999999999996
codec,FIREFOX,VLC,*,macOS,*,400,30.0,3.3541019662496847,25.0,37.5,28.749999999999996,26.25,30.0,27.500000000000004,32.5,30.0,31.25,31.25
codec,SAFARI,MPLAYER,*,macOS,*,400,50.25,4.100304866714183,53.75,45.0,52.5,45.0,46.25,55.00000000000001,46.25,56.25,50.0,52.5
codec,SAFARI,MPV,*,macOS,*,400,52.375,4.658661288396055,57.49999999999999,42.5,52.5,46.25,53.75,55.00000000000001,52.5,50.0,57.49999999999999,56.25
codec,SAFARI,VLC,*,macOS,*,400,74.25,6.304760106459247,75.0,65.0,83.75,78.75,75.0,76.25,78.75,78.75,63.74999999999999,67.5
player,FIREFOX,*,sample.3gp,Windows10,*,300,71.5,5.079916884709392,70.0,70.0,78.33333333333333,68.33333333333333,70.0,68.33333333333333,81.66666666666667,63.33333333333333,70.0,75.0
player,CHROME,*,sample.3gp,Windows10,*,300,53.833333333333336,6.6687496745808525,58.333333333333336,56.666666666666664,50.0,40.0,55.00000000000001,63.33333333333333,60.0,55.00000000000001,45.0,55.00000000000001
player,EDGE,*,sample.3gp,Windows10,*,300,79.66666666666667,5.3124591501697465,85.0,66.66666666666666,75.0,85.0,80.0,81.66666666666667,78.33333333333333,78.33333333333333,83.33333333333334,83.33333333333334
player,FIREFOX,*,sample.flv,Windows10,*,300,72.16666666666667,5.325515102890151,75.0,75.0,61.66666666666667,71.66666666666667,65.0,70.0,78.33333333333333,76.66666666666667,70.0,78.33333333333333
player,CHROME,*,sample.flv,Windows10,*,300,75.0,2.981423969999721,76.66666666666667,75.0,73.33333333333333,71.66666666666667,75.0,81.66666666666667,75.0,76.66666666666667,75.0,70.0
player,EDGE,*,sample.flv,Windows10,*,300,79.66666666666666,4.396968652757638,76.66666666666667,90.0,75.0,76.66666666666667,76.66666666666667,80.0,85.0,80.0,76.66666666666667,80.0
player,FIREFOX,*,sample.mkv,Windows10,*,300,73.83333333333334,5.05799696849784,73.33333333333333,78.33333333333333,76.66666666666667,75.0,81.66666666666667,65.0,65.0,73.33333333333333,73.33333333333333,76.66666666666667
player,CHROME,*,sample.mkv,Windows10,*,300,55.500000000000014,3.4999999999999973,51.66666666666667,58.333333333333336,51.66666666666667,51.66666666666667,56.666666666666664,53.333333333333336,56.666666666666664,63.33333333333333,56.666666666666664,55.00000000000001
player,EDGE,*,sample.mkv,Windows10,*,300,75.5,2.986078811194818,73.33333333333333,76.66666666666667,73.33333333333333,71.66666666666667,80.0,78.33333333333333,71.66666666666667,73.33333333333333,78.33333333333333,78.33333333333333
player,FIREFOX,*,sample.mp4,Windows10,*,300,66.66666666666667,6.101001739241042,75.0,58.333333333333336,55.00000000000001,63.33333333333333,70.0,70.0,63.33333333333333,71.66666666666667,71.66666666666667,68.33333333333333
player,CHROME,*,sample.mp4,Windows10,*,300,71.0,5.066228051190221,75.0,68.33333333333333,68.33333333333333,61.66666666666667,68.33333333333333,78.33333333333333,71.66666666666667,66.66666666666666,78.33333333333333,73.33333333333333
player,EDGE,*,sample.mp4,Windows10,*,300,75.66666666666666,4.229525846816509,75.0,76.66666666666667,81.66666666666667,76.66666666666667,70.0,66.66666666666666,78.33333333333333,76.66666666666667,80.0,75.0
player,CHROME,*,sample.3gp,Linux,*,300,86.5,4.374801582802226,93.33333333333333,86.66666666666667,86.66666666666667,83.33333333333334,85.0,83.33333333333334,81.66666666666667,95.0,81.66666666666667,88.33333333333333
player,EDGE,*,sample.3gp,Linux,*,300,90.5,3.4999999999999964,86.66666666666667,98.33333333333333,91.66666666666666,93.33333333333333,91.66666666666666,86.66666666666667,86.66666666666667,91.66666666666666,88.33333333333333,90.0
player,FIREFOX,*,sample.3gp,Linux,*,300,78.16666666666666,5.6494837522261,78.33333333333333,75.0,73.33333333333333,78.33333333333333,86.66666666666667,73.33333333333333,80.0,73.33333333333333,90.0,73.33333333333333
player,CHROME,*,sample.flv,Linux,*,300,92.66666666666666,1.3333333333333344,90.0,91.66666666666666,91.66666666666666,93.33333333333333,93.33333333333333,93.33333333333333,91.66666666666666,93.33333333333333,95.0,93.33333333333333
player,EDGE,*,sample.flv,Linux,*,300,90.16666666666666,4.044887033170531,81.66666666666667,88.33333333333333,95.0,90.0,91.66666666666666,86.66666666666667,88.33333333333333,90.0,95.0,95.0
player,FIREFOX,*,sample.flv,Linux,*,300,85.16666666666667,4.3748015828022275,85.0,88.33333333333333,86.66666666666667,88.33333333333333,83.33333333333334,90.0,78.33333333333333,76.66666666666667,90.0,85.0
player,CHROME,*,sample.mkv,Linux,*,300,91.83333333333333,2.5221243250702616,88.33333333333333,91.66666666666666,90.0,91.66666666666666,96.66666666666667,91.66666666666666,88.33333333333333,93.33333333333333,91.66666666666666,95.0
player,EDGE,*,sample.mkv,Linux,*,300,95.0,3.7267799624996503,91.66666666666666,90.0,98.33333333333333,95.0,88.33333333333333,100.0,95.0,95.0,98.33333333333333,98.33333333333333
player,FIREFOX,*,sample.mkv,Linux,*,300,82.16666666666666,3.419714088113867,83.33333333333334,80.0,80.0,83.33333333333334,86.66666666666667,85.0,80.0,75.0,86.66666666666667,81.66666666666667
player,CHROME,*,sample.mp4,Linux,*,300,93.49999999999999,2.522124325070261,93.33333333333333,91.66666666666666,88.33333333333333,93.33333333333333,95.0,95.0,98.33333333333333,93.33333333333333,95.0,91.66666666666666
player,EDGE,*,sample.mp4,Linux,*,300,88.33333333333334,3.1622776601683746,83.33333333333334,85.0,86.66666666666667,88.33333333333333,85.0,93.33333333333333,90.0,91.66666666666666,91.66666666666666,88.33333333333333
player,FIREFOX,*,sample.mp4,Linux,*,300,75.66666666666666,5.9254629448770615,68.33333333333333,81.66666666666667,75.0,81.66666666666667,75.0,83.33333333333334,70.0,80.0,76.66666666666667,65.0
player,CHROME,*,sample.3gp,macOS,*,300,97.49999999999999,2.608745973749756,96.66666666666667,96.66666666666667,95.0,98.33333333333333,100.0,100.0,91.66666666666666,100.0,96.66666666666667,100.0
player,FIREFOX,*,sample.3gp,macOS,*,300,86.33333333333333,4.3333333333333295,81.66666666666667,81.66666666666667,95.0,86.66666666666667,88.33333333333333,85.0,88.33333333333333,91.66666666666666,83.33333333333334,81.66666666666667
player,SAFARI,*,sample.3gp,macOS,*,300,99.5,0.7637626158259755,98.33333333333333,100.0,100.0,100.0,98.33333333333333,100.0,100.0,100.0,100.0,98.33333333333333
player,CHROME,*,sample.flv,macOS,*,300,99.5,0.7637626158259755,98.33333333333333,100.0,100.0,98.33333333333333,100.0,100.0,98.33333333333333,100.0,100.0,100.0
player,FIREFOX,*,sample.flv,macOS,*,300,85.16666666666667,4.3748015828022275,85.0,91.66666666666666,86.66666666666667,76.66666666666667,90.0,86.66666666666667,85.0,85.0,78.33333333333333,86.66666666666667
player,SAFARI,*,sample.flv,macOS,*,300,98.00000000000001,2.2110831935702664,100.0,95.0,95.0,100.0,100.0,96.66666666666667,100.0,95.0,98.33333333333333,100.0
player,CHROME,*,sample.mkv,macOS,*,300,98.66666666666666,1.4529663145135563,100.0,100.0,98.33333333333333,96.66666666666667,98.33333333333333,100.0,100.0,96.66666666666667,100.0,96.66666666666667
player,FIREFOX,*,sample.mkv,macOS,*,300,81.66666666666667,4.346134936801766,85.0,76.66666666666667,88.33333333333333,78.33333333333333,75.0,80.0,86.66666666666667,78.33333333333333,85.0,83.33333333333334
player,SAFARI,*,sample.mkv,macOS,*,300,99.83333333333334,0.5000000000000014,100.0,100.0,100.0,100.0,100.0,100.0,100.0,100.0,98.33333333333333,100.0
player,CHROME,*,sample.mp4,macOS,*,300,98.83333333333334,1.067187372905475,100.0,98.33333333333333,100.0,100.0,96.66666666666667,98.33333333333333,98.33333333333333,98.33333333333333,98.33333333333333,100.0
player,FIREFOX,*,sample.mp4,macOS,*,300,85.0,5.773502691896256,86.66666666666667,86.66666666666667,78.33333333333333,76.66666666666667,81.66666666666667,81.66666666666667,88.33333333333333,95.0,93.33333333333333,81.66666666666667
player,SAFARI,*,sample.mp4,macOS,*,300,98.33333333333334,1.2909944487358038,96.66666666666667,98.33333333333333,98.33333333333333,100.0,98.33333333333333,98.33333333333333,100.0,96.66666666666667,100.0,96.66666666666667
browser,*,MPLAYER,sample.3gp,Windows10,*,300,100.0,0.0,100.0,100.0,100.0,100.0,100.0,100.0,100.0,100.0,100.0,100.0
browser,*,MPV,sample.3gp,Windows10,*,300,100.0,0.0,100.0,100.0,100.0,100.0,100.0,100.0,100.0,100.0,100.0,100.0
browser,*,VLC,sample.3gp,Windows10,*,300,100.0,0.0,100.0,100.0,100.0,100.0,100.0,100.0,100.0,100.0,100.0,100.0
browser,*,MPLAYER,sample.flv,Windows10,*,300,100.0,0.0,100.0,100.0,100.0,100.0,100.0,100.0,100.0,100.0,100.0,100.0
browser,*,MPV,sample.flv,Windows10,*,300,98.33333333333334,1.4907119849998591,96.66666666666667,98.33333333333333,98.33333333333333,100.0,98.33333333333333,95.0,100.0,98.33333333333333,98.33333333333333,100.0
browser,*,VLC,sample.flv,Windows10,*,300,100.0,0.0,100.0,100.0,100.0,100.0,100.0,100.0,100.0,100.0,100.0,100.0
browser,*,MPLAYER,sample.mkv,Windows10,*,300,99.5,0.7637626158259755,100.0,100.0,100.0,98.33333333333333,98.33333333333333,100.0,100.0,100.0,100.0,98.33333333333333
browser,*,MPV,sample.mkv,Windows10,*,300,100.0,0.0,100.0,100.0,100.0,100.0,100.0,100.0,100.0,100.0,100.0,100.0
browser,*,VLC,sample.mkv,Windows10,*,300,100.0,0.0,100.0,100.0,100.0,100.0,100.0,100.0,100.0,100.0,100.0,100.0
browser,*,MPLAYER,sample.mp4,Windows10,*,300,100.0,0.0,100.0,100.0,100.0,100.0,100.0,100.0,100.0,100.0,100.0,100.0
browser,*,MPV,sample.mp4,Windows10,*,300,100.0,0.0,100.0,100.0,100.0,100.0,100.0,100.0,100.0,100.0,100.0,100.0
browser,*,VLC,sample.mp4,Windows10,*,300,100.0,0.0,100.0,100.0,100.0,100.0,100.0,100.0,100.0,100.0,100.0,100.0
browser,*,MPLAYER,sample.3gp,Linux,*,300,100.0,0.0,100.0,100.0,100.0,100.0,100.0,100.0,100.0,100.0,100.0,100.0
browser,*,MPV,sample.3gp,Linux,*,300,99.33333333333333,1.105541596785133,100.0,100.0,100.0,98.33333333333333,98.33333333333333,96.66666666666667,100.0,100.0,100.0,100.0
browser,*,VLC,sample.3gp,Linux,*,300,99.66666666666666,0.6666666666666686,98.33333333333333,100.0,98.33333333333333,100.0,100.0,100.0,100.0,100.0,100.0,100.0
browser,*,MPLAYER,sample.flv,Linux,*,300,99.5,0.7637626158259755,100.0,100.0,100.0,98.33333333333333,100.0,98.33333333333333,100.0,100.0,98.33333333333333,100.0
browser,*,MPV,sample.flv,Linux,*,300,99.5,1.067187372905474,100.0,96.66666666666667,98.33333333333333,100.0,100.0,100.0,100.0,100.0,100.0,100.0
browser,*,VLC,sample.flv,Linux,*,300,99.66666666666666,0.6666666666666686,100.0,100.0,100.0,100.0,100.0,100.0,98.33333333333333,98.33333333333333,100.0,100.0
browser,*,MPLAYER,sample.mkv,Linux,*,300,100.0,0.0,100.0,100.0,100.0,100.0,100.0,100.0,100.0,100.0,100.0,100.0
browser,*,MPV,sample.mkv,Linux,*,300,99.16666666666667,1.707825127659932,100.0,100.0,100.0,96.66666666666667,100.0,100.0,100.0,95.0,100.0,100.0
browser,*,VLC,sample.mkv,Linux,*,300,99.5,0.7637626158259755,100.0,100.0,100.0,98.33333333333333,100.0,100.0,98.33333333333333,100.0,100.0,98.33333333333333
browser,*,MPLAYER,sample.mp4,Linux,*,300,99.0,1.1055415967851334,98.33333333333333,98.33333333333333,98.33333333333333,100.0,96.66666666666667,100.0,100.0,98.33333333333333,100.0,100.0
browser,*,MPV,sample.mp4,Linux,*,300,98.83333333333333,1.067187372905475,98.33333333333333,98.33333333333333,100.0,98.33333333333333,98.33333333333333,100.0,96.66666666666667,98.33333333333333,100.0,100.0
browser,*,VLC,sample.mp4,Linux,*,300,99.33333333333333,0.8164965809277284,98.33333333333333,100.0,98.33333333333333,100.0,100.0,100.0,98.33333333333333,98.33333333333333,100.0,100.0
browser,*,MPLAYER,sample.3gp,macOS,*,300,100.0,0.0,100.0,100.0,100.0,100.0,100.0,100.0,100.0,100.0,100.0,100.0
browser,*,MPV,sample.3gp,macOS,*,300,100.0,0.0,100.0,100.0,100.0,100.0,100.0,100.0,100.0,100.0,100.0,100.0
browser,*,VLC,sample.3gp,macOS,*,300,100.0,0.0,100.0,100.0,100.0,100.0,100.0,100.0,100.0,100.0,100.0,100.0
browser,*,MPLAYER,sample.flv,macOS,*,300,100.0,0.0,100.0,100.0,100.0,100.0,100.0,100.0,100.0,100.0,100.0,100.0
browser,*,MPV,sample.flv,macOS,*,300,100.0,0.0,100.0,100.0,100.0,100.0,100.0,100.0,100.0,100.0,100.0,100.0
browser,*,VLC,sample.flv,macOS,*,300,100.0,0.0,100.0,100.0,100.0,100.0,100.0,100.0,100.0,100.0,100.0,100.0
browser,*,MPLAYER,sample.mkv,macOS,*,300,100.0,0.0,100.0,100.0,100.0,100.0,100.0,100.0,100.0,100.0,100.0,100.0
browser,*,MPV,sample.mkv,macOS,*,300,100.0,0.0,100.0,100.0,100.0,100.0,100.0,100.0,100.0,100.0,100.0,100.0
browser,*,VLC,sample.mkv,macOS,*,300,100.0,0.0,100.0,100.0,100.0,100.0,100.0,100.0,100.0,100.0,100.0,100.0
browser,*,MPLAYER,sample.mp4,macOS,*,300,100.0,0.0,100.0,100.0,100.0,100.0,100.0,100.0,100.0,100.0,100.0,100.0
browser,*,MPV,sample.mp4,macOS,*,300,100.0,0.0,100.0,100.0,100.0,100.0,100.0,100.0,100.0,100.0,100.0,100.0
browser,*,VLC,sample.mp4,macOS,*,300,100.0,0.0,100.0,100.0,100.0,100.0,100.0,100.0,100.0,100.0,100.0,100.0
codec,*,MPLAYER,*,*,*,3600,41.62499999999999,2.2196599811905355,43.47222222222222,42.36111111111111,41.66666666666667,42.083333333333336,40.69444444444444,41.25,43.333333333333336,36.25,44.861111111111114,40.27777777777778
codec,*,MPV,*,*,*,3600,40.25,0.9187686338078463,40.0,40.97222222222222,41.25,40.833333333333336,39.30555555555556,39.166666666666664,40.55555555555556,38.47222222222222,40.69444444444444,41.25
codec,*,VLC,*,*,*,3600,54.36111111111111,1.9416646797001473,53.61111111111111,54.44444444444444,54.861111111111114,56.111111111111114,54.861111111111114,54.861111111111114,58.19444444444445,54.02777777777777,51.24999999999999,51.388888888888886
player,*,*,sample.3gp,*,*,2700,77.88888888888889,1.826117486758675,79.62962962962963,77.4074074074074,76.66666666666667,76.11111111111111,76.48148148148148,79.44444444444444,80.55555555555556,74.81481481481481,80.0,77.77777777777779
player,*,*,sample.flv,*,*,2700,82.75925925925927,2.3765111429614674,82.5925925925926,81.48148148148148,85.18518518518519,83.14814814814815,80.74074074074075,79.07407407407408,81.48148148148148,81.11111111111111,86.85185185185185,85.92592592592592
player,*,*,sample.mkv,*,*,2700,78.57407407407408,1.0925925925925917,78.70370370370371,77.77777777777779,80.55555555555556,78.70370370370371,79.44444444444444,77.03703703703704,76.66666666666667,78.88888888888889,78.70370370370371,79.25925925925927
player,*,*,sample.mp4,*,*,2700,80.37037037037038,1.2505142974914185,79.62962962962963,78.88888888888889,80.37037037037037,81.2962962962963,83.14814814814815,80.37037037037037,80.74074074074075,78.70370370370371,81.11111111111111,79.44444444444444
browser,*,MPLAYER,sample.3gp,*,*,900,99.22222222222221,0.6666666666666685,99.44444444444444,98.33333333333333,100.0,98.88888888888889,99.44444444444444,98.33333333333333,100.0,98.33333333333333,100.0,99.44444444444444
browser,*,MPV,sample.3gp,*,*,900,98.5,0.7049209744694198,98.33333333333333,98.88888888888889,100.0,98.88888888888889,97.22222222222221,98.33333333333333,98.33333333333333,98.88888888888889,98.33333333333333,97.77777777777777
browser,*,VLC,sample.3gp,*,*,900,98.88888888888889,0.35136418446315426,98.88888888888889,98.33333333333333,98.88888888888889,98.88888888888889,99.44444444444444,98.88888888888889,98.88888888888889,98.33333333333333,99.44444444444444,98.88888888888889
browser,*,MPLAYER,sample.flv,*,*,900,97.44444444444444,1.4098419489388339,96.11111111111111,95.0,99.44444444444444,98.88888888888889,98.33333333333333,97.22222222222221,98.33333333333333,95.55555555555556,98.33333333333333,97.22222222222221
browser,*,MPV,sample.flv,*,*,900,96.05555555555557,0.9765775461803845,97.77777777777777,97.22222222222221,96.66666666666667,96.66666666666667,95.55555555555556,96.11111111111111,95.0,95.55555555555556,95.55555555555556,94.44444444444444
browser,*,VLC,sample.flv,*,*,900,98.33333333333333,1.1385500851066217,98.33333333333333,98.88888888888889,99.44444444444444,98.88888888888889,98.88888888888889,97.77777777777777,95.55555555555556,98.88888888888889,97.22222222222221,99.44444444444444
browser,*,MPLAYER,sample.mkv,*,*,900,98.66666666666667,0.9026709338484394,98.88888888888889,100.0,98.88888888888889,99.44444444444444,99.44444444444444,98.33333333333333,98.33333333333333,96.66666666666667,97.77777777777777,98.88888888888889
browser,*,MPV,sample.mkv,*,*,900,98.94444444444446,0.6781419786518743,100.0,98.88888888888889,100.0,99.44444444444444,98.33333333333333,98.33333333333333,98.88888888888889,97.77777777777777,98.88888888888889,98.88888888888889
browser,*,VLC,sample.mkv,*,*,900,98.5,0.7474235581707638,97.22222222222221,97.77777777777777,98.88888888888889,98.33333333333333,99.44444444444444,98.33333333333333,99.44444444444444,97.77777777777777,99.44444444444444,98.33333333333333
browser,*,MPLAYER,sample.mp4,*,*,900,98.66666666666666,0.968644209675708,97.22222222222221,98.33333333333333,100.0,97.77777777777777,99.44444444444444,98.88888888888889,98.88888888888889,97.22222222222221,98.88888888888889,100.0
browser,*,MPV,sample.mp4,*,*,900,97.72222222222221,1.0957268290731106,97.22222222222221,96.66666666666667,96.66666666666667,99.44444444444444,99.44444444444444,98.33333333333333,97.77777777777777,98.33333333333333,96.11111111111111,97.22222222222221
browser,*,VLC,sample.mp4,*,*,900,98.77777777777779,0.5443310539518189,98.88888888888889,98.88888888888889,98.33333333333333,98.33333333333333,98.33333333333333,97.77777777777777,98.88888888888889,99.44444444444444,99.44444444444444,99.44444444444444
codec,*,*,*,*,*,10800,40.31944444444444,0.9592275305777976,41.85185185185185,41.01851851851852,38.98148148148148,39.9537037037037,38.842592592592595,40.324074074074076,41.43518518518518,41.06481481481482,40.0,39.72222222222222
player,*,*,*,*,*,10800,83.625,0.6699539580437516,82.68518518518519,84.02777777777779,84.76851851851852,83.51851851851852,83.93518518518519,84.07407407407408,83.61111111111111,83.42592592592592,82.31481481481482,83.88888888888889
browser,*,*,*,*,*,10800,99.49537037037037,0.11235797314362438,99.53703703703704,99.35185185185185,99.67592592592592,99.39814814814815,99.39814814814815,99.67592592592592,99.44444444444444,99.58333333333333,99.49074074074075,99.39814814814815
user,*,*,*,*,*,10800,99.70833333333334,0.10153570462713368,99.67592592592592,99.62962962962963,99.67592592592592,99.72222222222223,99.76851851851852,99.67592592592592,99.72222222222223,99.72222222222223,99.53703703703704,99.9537037037037
codec,*,MPLAYER,*,Windows10,*,1200,40.45833333333333,2.5580075796951376,43.333333333333336,38.75,38.75,40.416666666666664,40.416666666666664,45.83333333333333,39.58333333333333,37.5,37.5,42.5
codec,*,MPV,*,Windows10,*,1200,44.20833333333333,3.705523279886092,47.083333333333336,46.666666666666664,49.583333333333336,44.166666666666664,43.333333333333336,39.58333333333333,41.25,37.083333333333336,46.25,47.083333333333336
codec,*,VLC,*,Windows10,*,1200,54.41666666666667,2.9415604324537994,54.58333333333333,50.83333333333333,55.833333333333336,58.75,54.58333333333333,55.00000000000001,53.333333333333336,53.75,48.75,58.75
codec,*,MPLAYER,*,Linux,*,1200,42.41666666666667,2.8613807855649,37.5,42.916666666666664,45.0,42.083333333333336,48.333333333333336,42.5,41.25,42.5,38.75,43.333333333333336
codec,*,MPV,*,Linux,*,1200,41.20833333333333,2.0703763748008073,42.5,37.5,39.166666666666664,40.0,41.25,42.5,44.166666666666664,39.58333333333333,41.25,44.166666666666664
codec,*,VLC,*,Linux,*,1200,63.625,2.3793819225448707,66.66666666666666,60.0,65.83333333333333,63.33333333333333,64.58333333333334,65.83333333333333,59.583333333333336,61.66666666666667,63.33333333333333,65.41666666666667
codec,*,MPLAYER,*,macOS,*,1200,43.79166666666667,2.3603348397114234,42.5,40.833333333333336,46.25,41.66666666666667,45.83333333333333,42.083333333333336,41.25,45.83333333333333,47.91666666666667,43.75
codec,*,MPV,*,macOS,*,1200,42.33333333333333,3.040239391159117,43.75,39.166666666666664,36.25,42.916666666666664,43.333333333333336,40.416666666666664,47.5,45.416666666666664,41.25,43.333333333333336
codec,*,VLC,*,macOS,*,1200,55.791666666666664,2.735123905379384,55.833333333333336,60.83333333333333,57.08333333333333,53.333333333333336,51.24999999999999,52.5,57.49999999999999,58.333333333333336,56.25,55.00000000000001
player,*,*,sample.3gp,Windows10,*,900,67.38888888888889,2.971573137848074,68.33333333333333,72.77777777777777,67.22222222222223,63.33333333333333,71.66666666666667,67.77777777777779,66.11111111111111,64.44444444444444,68.33333333333333,63.888888888888886
player,*,*,sample.flv,Windows10,*,900,76.27777777777779,3.50528701207719,73.33333333333333,75.0,71.11111111111111,75.55555555555556,73.33333333333333,77.77777777777779,82.22222222222221,79.44444444444444,73.88888888888889,81.11111111111111
player,*,*,sample.mkv,Windows10,*,900,65.27777777777777,2.4751854899939407,66.66666666666666,65.55555555555556,68.33333333333333,66.66666666666666,67.22222222222223,67.77777777777779,63.888888888888886,64.44444444444444,61.66666666666667,60.55555555555555
player,*,*,sample.mp4,Windows10,*,900,69.94444444444444,3.0877096070200545,65.55555555555556,69.44444444444444,67.77777777777779,68.88888888888889,72.22222222222221,72.77777777777777,72.77777777777777,75.55555555555556,68.33333333333333,66.11111111111111
player,*,*,sample.3gp,Linux,*,900,85.94444444444446,1.685998989499279,84.44444444444444,85.0,87.22222222222223,86.11111111111111,83.33333333333334,85.55555555555556,86.11111111111111,85.55555555555556,86.11111111111111,90.0
player,*,*,sample.flv,Linux,*,900,90.27777777777779,1.4958791130929179,87.22222222222223,91.11111111111111,91.66666666666666,89.44444444444444,92.22222222222223,88.88888888888889,90.0,90.0,90.0,92.22222222222223
player,*,*,sample.mkv,Linux,*,900,90.27777777777779,1.366485986249874,91.11111111111111,91.66666666666666,87.77777777777777,91.11111111111111,90.0,91.11111111111111,90.0,92.22222222222223,88.33333333333333,89.44444444444444
player,*,*,sample.mp4,Linux,*,900,85.27777777777779,2.2532555322970254,85.55555555555556,88.88888888888889,81.66666666666667,86.66666666666667,83.33333333333334,86.66666666666667,86.11111111111111,83.33333333333334,82.77777777777777,87.77777777777777
player,*,*,sample.3gp,macOS,*,900,87.6111111111111,2.1089169884558117,90.0,88.33333333333333,90.0,87.77777777777777,84.44444444444444,88.33333333333333,85.0,90.55555555555556,85.55555555555556,86.11111111111111
player,*,*,sample.flv,macOS,*,900,88.27777777777779,1.8164203026968657,89.44444444444444,86.11111111111111,85.0,87.77777777777777,88.88888888888889,91.66666666666666,87.22222222222223,87.77777777777777,89.44444444444444,89.44444444444444
player,*,*,sample.mkv,macOS,*,900,86.83333333333334,3.230353724468137,86.66666666666667,86.11111111111111,83.33333333333334,80.55555555555556,88.33333333333333,85.55555555555556,93.33333333333333,88.88888888888889,87.77777777777777,87.77777777777777
player,*,*,sample.mp4,macOS,*,900,87.11111111111111,1.8724777273725248,87.22222222222223,91.11111111111111,86.11111111111111,86.11111111111111,84.44444444444444,87.22222222222223,87.22222222222223,85.0,89.44444444444444,87.22222222222223
codec,FIREFOX,MPLAYER,*,*,*,400,35.125,5.403991580304322,33.75,33.75,43.75,25.0,41.25,36.25,40.0,36.25,32.5,28.749999999999996
codec,FIREFOX,MPV,*,*,*,400,29.125,4.645226044015511,35.0,26.25,25.0,25.0,33.75,22.5,27.500000000000004,37.5,28.749999999999996,30.0
codec,FIREFOX,VLC,*,*,*,400,52.875,4.678741818053226,51.24999999999999,55.00000000000001,53.75,53.75,47.5,47.5,46.25,56.25,55.00000000000001,62.5
codec,CHROME,MPLAYER,*,*,*,1200,55.58333333333333,3.0629959915815204,51.24999999999999,59.583333333333336,54.166666666666664,56.25,57.49999999999999,54.58333333333333,51.24999999999999,58.75,59.583333333333336,52.916666666666664
codec,CHROME,MPV,*,*,*,1200,50.875,2.6183778905608306,51.24999999999999,53.333333333333336,50.0,55.00000000000001,50.83333333333333,47.5,46.25,51.66666666666667,49.166666666666664,53.75
codec,CHROME,VLC,*,*,*,1200,61.75,2.257702864024013,61.66666666666667,58.75,64.58333333333334,61.25000000000001,60.83333333333333,57.49999999999999,63.74999999999999,62.083333333333336,62.083333333333336,65.0
codec,EDGE,MPLAYER,*,*,*,800,39.9375,3.4055331814563194,36.25,43.125,36.25,41.875,40.0,40.625,41.875,40.0,45.625,33.75
codec,EDGE,MPV,*,*,*,800,41.3125,3.6276929652328627,38.75,45.0,48.125,39.375,43.125,36.875,38.125,37.5,41.25,45.0
codec,EDGE,VLC,*,*,*,800,62.875,3.225871975140986,61.25000000000001,68.125,59.375,63.74999999999999,65.625,59.375,63.125,65.0,57.49999999999999,65.625
codec,FIREFOX,MPLAYER,*,*,*,800,30.9375,3.885570260592389,28.125,32.5,26.875,35.625,25.624999999999996,35.0,36.25,28.749999999999996,33.75,26.875
codec,FIREFOX,MPV,*,*,*,800,27.9375,2.6670735366689833,26.25,32.5,27.500000000000004,28.749999999999996,27.500000000000004,30.0,24.375,30.0,23.125,29.375
codec,FIREFOX,VLC,*,*,*,800,39.6875,3.226477374785077,40.0,41.875,43.75,36.875,43.75,35.0,36.875,35.625,40.0,43.125
codec,SAFARI,MPLAYER,*,*,*,400,44.75,4.67038542306735,51.24999999999999,46.25,40.0,42.5,37.5,40.0,48.75,42.5,51.24999999999999,47.5
codec,SAFARI,MPV,*,*,*,400,51.375,5.374999999999999,43.75,57.49999999999999,50.0,45.0,56.25,43.75,58.75,51.24999999999999,55.00000000000001,52.5
codec,FIREFOX,MPLAYER,*,*,*,1200,30.583333333333332,2.1180441711898053,32.5,29.166666666666668,30.0,35.0,27.500000000000004,30.416666666666664,32.5,28.333333333333332,30.833333333333336,29.583333333333332
codec,FIREFOX,MPV,*,*,*,1200,26.791666666666668,2.472417283191133,27.916666666666668,30.416666666666664,23.333333333333332,25.833333333333336,26.666666666666668,25.416666666666664,24.583333333333332,30.833333333333336,28.749999999999996,24.166666666666668
codec,FIREFOX,VLC,*,*,*,1200,41.458333333333336,3.8062904805364277,42.083333333333336,40.416666666666664,47.91666666666667,35.0,35.0,41.25,44.166666666666664,44.583333333333336,42.5,41.66666666666667
codec,CHROME,MPLAYER,*,*,*,1200,55.33333333333333,2.7876214472796215,54.58333333333333,60.416666666666664,55.833333333333336,53.75,51.24999999999999,53.333333333333336,57.08333333333333,57.91666666666667,57.49999999999999,51.66666666666667
codec,CHROME,MPV,*,*,*,1200,53.083333333333336,2.5495097567963905,50.416666666666664,52.083333333333336,49.583333333333336,52.083333333333336,51.66666666666667,54.58333333333333,54.58333333333333,53.333333333333336,59.166666666666664,53.333333333333336
codec,CHROME,VLC,*,*,*,1200,62.708333333333336,4.290857528901807,62.5,63.74999999999999,61.25000000000001,69.58333333333333,66.25,69.58333333333333,60.0,58.333333333333336,58.75,57.08333333333333
codec,EDGE,MPLAYER,*,*,*,800,40.4375,2.984988484064888,40.0,45.0,43.75,40.0,44.375,41.875,36.875,36.875,37.5,38.125
codec,EDGE,MPV,*,*,*,800,41.9375,2.443901849502144,43.125,45.625,40.0,40.0,40.625,37.5,43.125,43.75,45.0,40.625
codec,EDGE,VLC,*,*,*,800,63.8125,3.0675977979520073,66.875,57.49999999999999,63.125,66.875,65.0,61.25000000000001,65.625,60.0,65.625,66.25
codec,SAFARI,MPLAYER,*,*,*,400,48.75,5.562148865321747,52.5,42.5,47.5,58.75,46.25,56.25,50.0,48.75,40.0,45.0
codec,SAFARI,MPV,*,*,*,400,56.0,5.267826876426369,51.24999999999999,52.5,48.75,60.0,52.5,58.75,55.00000000000001,65.0,52.5,63.74999999999999
codec,SAFARI,VLC,*,*,*,400,73.625,4.346334662678427,73.75,72.5,66.25,72.5,75.0,66.25,76.25,75.0,80.0,78.75
player,FIREFOX,*,sample.3gp,*,*,900,69.0,3.5728744868474496,70.55555555555556,71.11111111111111,61.111111111111114,63.888888888888886,71.11111111111111,72.22222222222221,68.33333333333333,72.77777777777777,68.33333333333333,70.55555555555556
player,CHROME,*,sample.3gp,*,*,900,77.77777777777777,2.9502040105226115,81.11111111111111,83.88888888888889,77.22222222222223,73.88888888888889,80.0,76.11111111111111,78.33333333333333,76.66666666666667,74.44444444444444,76.11111111111111
player,EDGE,*,sample.3gp,*,*,600,84.58333333333333,2.6418112473578925,85.83333333333333,90.0,85.83333333333333,84.16666666666667,80.0,84.16666666666667,85.0,80.83333333333333,85.83333333333333,84.16666666666667
player,SAFARI,*,sample.3gp,*,*,300,98.16666666666666,1.8929694486000908,100.0,98.33333333333333,100.0,95.0,100.0,98.33333333333333,98.33333333333333,100.0,96.66666666666667,95.0
player,FIREFOX,*,sample.flv,*,*,900,75.38888888888889,4.581565315559822,68.33333333333333,76.66666666666667,81.11111111111111,76.11111111111111,79.44444444444444,72.22222222222221,77.77777777777779,66.66666666666666,79.44444444444444,76.11111111111111
player,CHROME,*,sample.flv,*,*,900,87.88888888888889,2.7080128015453218,88.88888888888889,92.22222222222223,88.88888888888889,85.55555555555556,86.66666666666667,82.77777777777777,86.11111111111111,91.11111111111111,90.0,86.66666666666667
player,EDGE,*,sample.flv,*,*,600,84.58333333333334,2.1489661597046035,82.5,84.16666666666667,89.16666666666667,87.5,83.33333333333334,83.33333333333334,81.66666666666667,85.0,84.16666666666667,85.0
player,SAFARI,*,sample.flv,*,*,300,96.99999999999999,3.055050463303893,90.0,98.33333333333333,96.66666666666667,98.33333333333333,100.0,96.66666666666667,100.0,93.33333333333333,100.0,96.66666666666667
player,FIREFOX,*,sample.mkv,*,*,900,72.61111111111111,2.4222477062879584,72.77777777777777,73.33333333333333,75.0,73.88888888888889,66.11111111111111,71.11111111111111,72.77777777777777,75.0,73.33333333333333,72.77777777777777
player,CHROME,*,sample.mkv,*,*,900,78.66666666666667,2.9522956123525383,79.44444444444444,72.77777777777777,80.0,77.77777777777779,76.66666666666667,80.0,83.88888888888889,81.11111111111111,79.44444444444444,75.55555555555556
player,EDGE,*,sample.mkv,*,*,600,81.58333333333333,2.340761984198026,81.66666666666667,79.16666666666666,79.16666666666666,80.83333333333333,82.5,83.33333333333334,85.83333333333333,83.33333333333334,82.5,77.5
player,SAFARI,*,sample.mkv,*,*,300,99.66666666666666,0.6666666666666686,100.0,100.0,100.0,100.0,100.0,98.33333333333333,100.0,100.0,98.33333333333333,100.0
player,FIREFOX,*,sample.mp4,*,*,900,68.77777777777779,3.0102704853653477,67.22222222222223,65.55555555555556,70.0,68.33333333333333,68.88888888888889,62.77777777777778,71.11111111111111,71.66666666666667,73.88888888888889,68.33333333333333
player,CHROME,*,sample.mp4,*,*,900,84.5,1.8333333333333335,85.55555555555556,81.11111111111111,85.55555555555556,84.44444444444444,85.55555555555556,83.88888888888889,81.11111111111111,85.55555555555556,85.55555555555556,86.66666666666667
player,EDGE,*,sample.mp4,*,*,600,81.91666666666666,1.4930394055974126,80.0,80.83333333333333,80.83333333333333,82.5,84.16666666666667,81.66666666666667,81.66666666666667,84.16666666666667,80.0,83.33333333333334
player,SAFARI,*,sample.mp4,*,*,300,97.83333333333334,2.477678124553085,100.0,100.0,95.0,100.0,96.66666666666667,98.33333333333333,95.0,100.0,100.0,93.33333333333333
player,FIREFOX,*,*,Windows10,*,1200,77.58333333333334,2.288255036290994,79.58333333333333,77.5,80.83333333333333,77.08333333333334,80.41666666666667,74.16666666666667,74.16666666666667,75.41666666666667,78.75,77.91666666666667
player,CHROME,*,*,Windows10,*,1200,56.25,1.6351180725290473,58.333333333333336,57.49999999999999,57.49999999999999,55.41666666666667,58.75,53.75,54.166666666666664,56.25,55.00000000000001,55.833333333333336
player,EDGE,*,*,Windows10,*,1200,77.16666666666666,3.1501763619059644,79.58333333333333,76.66666666666667,74.58333333333333,82.08333333333333,76.25,76.66666666666667,75.83333333333333,79.58333333333333,80.0,70.41666666666667
player,FIREFOX,*,*,Linux,*,1200,79.08333333333334,2.211083193570265,73.75,77.08333333333334,80.41666666666667,79.58333333333333,80.41666666666667,82.08333333333333,79.16666666666666,80.83333333333333,79.16666666666666,78.33333333333333
player,CHROME,*,*,Linux,*,1200,96.41666666666666,1.0736748938937601,94.58333333333333,97.08333333333333,97.5,97.08333333333333,97.08333333333333,97.08333333333333,95.0,97.5,95.0,96.25
player,EDGE,*,*,Linux,*,1200,92.54166666666667,1.32353168118905,90.0,92.08333333333333,92.08333333333333,94.58333333333333,92.5,92.91666666666667,94.16666666666667,92.91666666666667,93.33333333333333,90.83333333333333
player,FIREFOX,*,*,macOS,*,1200,89.75,2.198484326378821,89.16666666666667,92.08333333333333,86.25,85.41666666666666,90.41666666666667,89.58333333333334,90.83333333333333,92.5,90.0,91.25
player,CHROME,*,*,macOS,*,1200,99.04166666666666,0.5907269532815782,98.75,98.33333333333333,99.16666666666667,98.33333333333333,99.16666666666667,99.16666666666667,99.16666666666667,100.0,98.33333333333333,100.0
player,SAFARI,*,*,macOS,*,1200,98.45833333333334,0.619419531138275,97.91666666666666,99.16666666666667,97.91666666666666,98.75,98.75,97.08333333333333,98.75,99.16666666666667,98.75,98.33333333333333
